Cidade,Lucro
New York City,62036.9837
Los Angeles,30440.7579
Seattle,29156.096700000002
Managua,17853.71804
San Francisco,17507.3854
London,17378.715
Sydney,16002.807
Vienna,15660.84
San Salvador,15036.5104
Mexico City,13342.29176
Detroit,13181.7908
Madrid,12382.761
Melbourne,11304.0996
Brisbane,10526.295
Hamburg,10379.373
Paris,10327.437
Mixco,10301.94956
Dhaka,10297.48
Lafayette,10018.3876
Kinshasa,9976.26
São Paulo,9411.44548
Singapore,8853.06
Riyadh,8689.14
Perth,8633.502
Shanghai,8533.632
Cairo,8528.1
Adelaide,8495.532
Newcastle,8208.024
León,8011.59016
Soyapango,7611.18892
Jackson,7581.6828
Baghdad,7363.92
Atlanta,6993.6629
Wollongong,6904.515
Casablanca,6872.4
Berlin,6872.1285
Minneapolis,6824.584599999999
San Diego,6377.196
Springfield,6200.6974
Columbus,5897.1013
Santiago de Cuba,5856.72112
Newark,5793.7588
Richmond,5788.7686
Dakar,5630.85
Guangzhou,5613.3
Columbia,5606.1167
Gorakhpur,5575.11
Delhi,5565.9
Providence,5505.6569
Suzhou,5311.08
Wellington,5296.2
Bogotá,5187.3697600000005
Edinburgh,5174.139
Juárez,5138.92
Pune,5067.63
Camagüey,4944.76268
Henderson,4911.8609
Alexandria,4909.7883
Johannesburg,4838.13
Abidjan,4696.8
Mejicanos,4628.30952
Villa Nueva,4584.6576
Cape Town,4561.83
Kuala Lumpur,4542.93
Pretoria,4528.5
Marseille,4507.296
Phnom Penh,4476.54
Prato,4472.244
Gold Coast,4453.782
Santa Clara,4426.65924
Kabul,4410.6900000000005
Munich,4362.531
Puebla,4361.9082
Lusaka,4272.06
Bremen,4265.301
Morelia,4221.71996
Tianjin,4216.365
Arlington,4169.6969
Luanda,4157.91
Stockton-on-Tees,4131.6900000000005
Beijing,4080.255
Mashhad,4063.9500000000003
Jeddah,4060.5
Hamilton,3908.975
Mulhouse,3888.9719999999998
Santiago,3843.71744
Jakarta,3826.9842
Medellín,3805.63732
Cologne,3779.52
Matagalpa,3756.6544400000002
Lyon,3741.528
Basra,3722.52
Tokyo,3722.52
Yaounde,3719.55
Apopa,3672.81424
Kota,3598.35
Townsville,3565.038
Leeds,3531.9
Accra,3530.19
Surat,3462.72
Santa Ana,3419.42214
Bochum,3418.569
Culiacán,3400.1906
Nice,3386.904
Bangalore,3366.33
Luoyang,3350.247
Mangalore,3338.73
Ilopango,3304.671
Fuji,3301.29
Shenyang,3240.855
Lakewood,3234.0278
Coyoacán,3231.27864
Chelyabinsk,3212.2799999999997
Shenzhen,3117.27
Seville,3107.4300000000003
Monterrey,3090.5317999999997
Meknes,3087.51
Christchurch,3057.69
Zurich,3054.12
Dar es Salaam,3029.616
Frankfurt,2990.472
Shiraz,2980.92
Rabat,2976.57
Curitiba,2960.16284
Lubumbashi,2911.8
Duisburg,2837.145
Srinagar,2822.61
Milwaukee,2793.0851
Khulna,2782.17
Yonkers,2767.7557
Oberhausen,2752.446
Kharkiv,2748.33
Indianapolis,2741.6538
Ipoh,2741.46
Essen,2725.923
Qingdao,2708.85
Chennai,2701.68
Burnley,2701.53
Barcelona,2696.935
Thane,2689.65
Lugo,2679.7830000000004
Holguín,2645.16676
Algiers,2633.28
Trier,2631.597
Kanpur,2611.14
Poltava,2600.37
Luton,2570.5950000000003
Ghent,2568.33
Agra,2568.24
Port Elizabeth,2565.81
Changchun,2558.16
Krefeld,2531.661
Leipzig,2520.249
Dnipropetrovs'k,2512.5
Antananarivo,2505.9900000000002
Celle,2491.35
Whakatane,2468.88
Chittagong,2460.5699999999997
Chinandega,2455.2144
Makhachkala,2452.56
Bradford,2435.589
Nuremberg,2434.1715
Nagpur,2427.81
Roswell,2427.4353
West Bromwich,2420.232
Oran,2413.8
Manchester,2413.5614
Bayamo,2383.51392
Lawrence,2382.1465
Guadalajara,2380.39384
Mérida,2378.14592
Tijuana,2354.1926399999998
Sale,2312.607
Thiruvananthapuram,2307.3300000000004
Whangarei,2303.37
Blackpool,2301.498
Midland,2293.6828
San Sebastian,2292.204
Villach,2280.6
Innsbruck,2272.6800000000003
Muret,2253.498
Visakhapatnam,2248.89
North Las Vegas,2247.6899000000003
Valencia,2242.04262
Zapopan,2240.29168
Huaibei,2228.0099999999998
Mianyang,2227.74
Shantou,2215.98
Brasília,2214.77868
Caloundra,2212.971
Petapa,2210.43744
Mackay,2209.515
Bridgetown,2199.79392
Nottingham,2197.872
Quetzaltenango,2196.82968
Hamamatsu,2193.15
Stoke-on-Trent,2189.85
Kunming,2185.89
Mobile,2175.8292
Porirua,2173.02
Bordeaux,2166.942
Oslo,2152.65
Ludhiana,2151.2400000000002
Antwerp,2149.83
Cancún,2147.01148
Montréal,2138.46
Estelí,2135.39532
Guantánamo,2131.02356
Allahabad,2130.36
Raipur,2127.15
Wolverhampton,2115.831
Long Beach,2108.9306
San Fernando,2106.43944
Manzanillo,2102.95692
Seremban,2100.69
Pinar del Río,2097.93804
Wuxi,2082.2400000000002
Halle,2080.9680000000003
Sacramento,2069.6859
Escuintla,2068.11112
Villa Canales,2064.2408
Querétaro,2027.3316
Virginia Beach,2024.8837
Aurangabad,2011.47
Kalemie,2007.8700000000001
Maputo,1999.92
Tongi,1987.71
Moers,1985.586
Tlalnepantla,1974.72936
Hrodna,1966.8
Nairobi,1961.25
Fes,1958.31
Bendigo,1955.124
Khartoum,1953.33
Dortmund,1951.6260000000002
Wilmington,1947.7019
Budapest,1943.46
Ningbo,1942.206
Rugby,1942.0500000000002
Sofia,1937.91
Nanning,1935.36
Anshan,1914.27
Jamshedpur,1911.0600000000002
La Seyne-sur-Mer,1907.202
Poza Rica de Hidalgo,1882.11468
Chengdu,1880.76
Kananga,1880.4
Liaocheng,1876.35
Turin,1872.906
Barakaldo,1862.772
Glasgow,1858.719
Kumasi,1854.42
Omaha,1841.6268
Harrogate,1838.7299999999998
Morristown,1838.2271
Baku,1831.05
Jining,1829.9910000000002
Sunderland,1826.31
Fayetteville,1818.6692
Taipei,1818.6000000000001
Vancouver,1815.2446
Orange,1798.3498
Mandurah,1797.324
Helsinki,1769.13
Ciego de Ávila,1768.61872
Jinan,1764.18
Lucknow,1756.29
Manaus,1754.45992
Rochester,1743.4191
Chongqing,1727.64
Blagoveshchensk,1709.3700000000001
Rajshahi,1708.92
Mecca,1707.21
Tamworth,1702.8210000000001
Lublin,1701.9
Tipitapa,1680.3484
Alice Springs,1677.5520000000001
Baltimore,1676.198
Nouakchott,1675.95
Huehuetenango,1674.39908
Cardiff,1673.19
Las Tunas,1668.91204
Xiangtan,1665.0
Franklin,1664.8679
Hastings,1662.5700000000002
Patna,1651.62
Bologna,1651.518
Al Mahallah al Kubra,1648.05
Kota Kinabalu,1645.71
Bamako,1638.66
San José de las Lajas,1633.7532
Reynosa,1623.48216
Ufa,1621.44
Cambridge,1619.9376
Le Bouscat,1615.341
Chinautla,1613.0288
Des Moines,1610.7443
Hirakata,1607.61
Sonsonate,1604.6184799999999
Orizaba,1600.72796
Tiruppur,1600.02
Palu,1596.8385
Faridabad,1594.1399999999999
Santo André,1592.7
Cienfuegos,1584.3328
Portsmouth,1582.74
Great Falls,1582.7071
Oklahoma City,1580.7607
Arbil,1580.7
Azcapotzalco,1569.33164
Kowloon,1558.11
Harbin,1553.01
Antiguo Cuscatlán,1541.07208
Marrakech,1539.72
Hefei,1539.06
Wuppertal,1535.988
Granada,1534.56812
Katowice,1534.02
Queanbeyan,1528.452
Tehran,1525.5
Tabuk,1518.3600000000001
Genk,1515.6000000000001
Florence,1514.8040999999998
Tengzhou,1513.65
Tulsa,1506.935
Ulan Bator,1506.42
Ajmer,1503.96
Doha,1502.8799999999999
Vadodara,1495.11
Kollam,1494.6299999999999
Herford,1493.916
Nanchong,1489.8
Jixi,1481.52
Qom,1480.26
Changzhou,1479.18
Jhansi,1478.19
Colchester,1474.26
Yancheng,1463.8200000000002
Jodhpur,1459.26
San Luis Potosí,1447.63224
Middlesbrough,1444.35
Kulti,1443.3
Toronto,1442.19
Bishkek,1438.8
Qitaihe,1438.59
Brest,1434.3600000000001
Takamatsu,1431.522
Guaymas,1431.12
Bhavnagar,1430.94
Preston,1419.096
Quito,1418.68988
Linz,1415.94
Durgapur,1403.22
Maseru,1398.21
Donets'k,1398.09
Prague,1396.4099999999999
Bayeux,1392.9125000000001
Argenteuil,1391.829
Wetzlar,1386.501
Ballarat,1385.55
Tepic,1382.44968
Bekasi,1379.1608999999999
Albury,1367.79
Xining,1367.01
Brandenburg,1362.405
Everett,1361.4787
Bhopal,1361.19
Shaoxing,1356.81
Misratah,1356.42
Crawley,1347.42
Lakeville,1346.6021
Los Mochis,1343.78288
Graz,1341.84
Gómez Palacio,1339.82304
Palma de Mallorca,1339.185
Anqing,1336.41
Luts'k,1330.98
Bhilai,1328.25
Jizan,1325.43
Mainz,1323.0
Voronezh,1321.5
Bolton,1316.52
Jieyang,1315.68
Mudanjiang,1313.37
Lowell,1312.5717
Albany,1308.567
Bhilwara,1306.3799999999999
Saint-Brieuc,1304.4569999999999
Bergen,1301.67
Xinghua,1300.95
Lucerne,1290.3
Solapur,1289.52
Matola,1287.87
Weimar,1287.4470000000001
New Plymouth,1287.09
Podgorica,1286.76
Jamestown,1285.7714999999998
Kwinana,1281.216
Varanasi,1278.75
Mexicali,1274.95852
Clinton,1274.2421
Tlaquepaque,1273.33604
Bilbao,1271.052
Coventry,1268.505
Al Amarah,1268.19
Rennes,1267.599
Farnborough,1263.48
Chesapeake,1262.787
Washington,1256.8723
Girga,1255.26
Roseville,1253.3871
Kermanshah,1251.36
Macapá,1248.62516
Yokkaichi,1242.06
Rybinsk,1239.48
Baotou,1239.03
Kigali,1238.85
Jilin,1236.9299999999998
Plainfield,1235.6657
Anaheim,1234.0036
Vladimir,1231.41
Bognor Regis,1231.23
Cuscatancingo,1229.82
L'viv,1227.81
Guelph,1226.67
Kingswood,1226.04
Nantes,1225.4745
Montreuil,1222.554
Lille,1222.5030000000002
Amman,1218.69
Brentwood,1216.8104
San Jose,1216.0579
Fairfield,1210.3119
Astrakhan',1210.0800000000002
Villeurbanne,1208.364
Lowestoft,1208.292
Regensburg,1206.978
Stuttgart,1204.179
Swansea,1203.3
Slough,1203.15
Vinnytsya,1202.25
Basel,1201.5
Mosul,1201.29
Barranquilla,1200.54496
Bristol,1199.6463
Masaya,1197.2842
Newport News,1197.0469
Sesto San Giovanni,1194.048
Castelldefels,1193.394
Elx,1192.392
Saint-Louis,1188.051
Wagga Wagga,1186.167
Darbhanga,1184.85
Puteaux,1183.944
Dijon,1181.412
Sindelfingen,1175.613
Niamey,1173.45
Xi'an,1172.25
Pamplona,1169.016
São Gonçalo,1168.441
Rovigo,1167.54
Whyalla,1165.692
Recife,1165.00168
Mechelen,1160.91
Amravati,1160.37
Espoo,1159.41
Kuantan,1156.56
Goulburn,1155.0330000000001
Little Rock,1154.6691
Ad Diwaniyah,1152.48
Nanyang,1151.16
Edmonton,1149.78
Munster,1149.33
Ujjain,1148.28
Weifang,1147.98
Laval,1146.1875
Chaoyang,1145.85
Castanhal,1144.78
Sapucaia do Sul,1144.06752
North York,1141.68
Harrow,1135.5
Plymouth,1130.901
Ninghai,1126.71
Madison,1123.6552000000001
Sanya,1123.5
Ahvaz,1117.89
Hartlepool,1117.8899999999999
Cottbus,1117.6470000000002
Aachen,1116.981
Le Petit-Quevilly,1115.301
Fort-de-France,1114.21104
Zamora,1114.188
Wafangdian,1109.13
Kawagoe,1107.3
Jaipur,1103.4
Nuevo Laredo,1100.51964
Erlangen,1095.831
Hamadan,1094.4299999999998
Fengcheng,1091.9099999999999
Kryvyy Rih,1090.41
Matsubara,1084.8600000000001
Santa Helena,1083.48
Geraldton,1079.844
Dudley,1076.082
Chihuahua,1075.83184
Ranchi,1072.86
Warsaw,1071.87
Karbala',1070.34
Invercargill,1070.22
Hyderabad,1069.9470000000001
Xingtai,1068.84
Kamina,1068.66
Rajkot,1068.39
Dubbo,1067.022
Warwick,1063.7956
Hengyang,1063.5
Levallois-Perret,1058.889
Valinhos,1056.04272
Shah Alam,1055.07
Ulm,1053.534
Rillieux-la-Pape,1047.0405
Palmerston,1047.006
Oviedo,1046.58
Fontenay-aux-Roses,1045.1175
Benguela,1042.8000000000002
Viterbo,1041.96
Bokaro,1041.24
Antony,1038.903
Blenheim,1038.84
Oyonnax,1036.905
Torreón,1035.21068
Coimbatore,1034.13
Saida,1034.04
Monrovia,1033.05
Strasbourg,1030.0455
Kenosha,1028.0728000000001
Inglewood,1026.6960000000001
Vijayawada,1024.47
Clichy-sous-Bois,1023.5625
Zhytomyr,1022.43
Uvinza,1022.4
Huainan,1021.59
Dover,1021.4941
Ludwigshafen am Rhein,1021.059
Yueyang,1019.4
Messina,1016.43
Wodonga,1016.256
Kitwe,1003.77
Itajaí,999.6
Offenburg,999.438
Bacau,998.85
Chisinau,996.45
Buffalo,992.8791
Cúcuta,990.06232
Palmerston North,988.62
Salto,988.12
Castrop-Rauxel,987.645
Velletri,983.472
George,982.71
Tallinn,976.62
Independence,975.663
Metepec,970.7839999999999
Soweto,969.3
Bouake,967.86
Beira,965.97
Contramaestre,963.78664
Bur Sudan,960.24
Hampton,953.8323
Poitiers,953.274
Montenegro,952.52
Guyancourt,951.588
Pescara,951.3299999999999
Ribeirão Preto,948.60316
Fresno,948.2681
Miramas,948.102
Xinyi,946.71
Lanzhou,946.596
Huambo,945.4200000000001
Solingen,938.838
Woking,937.2
Santa Catarina,936.7202
Montpellier,936.4965
Gaomi,934.5600000000001
Puertollano,927.603
Xinzhou,926.1899999999999
Irkutsk,925.41
Ube,924.5699999999999
Fontaine,923.7705
Korba,923.76
Charleroi,922.1700000000001
Bondy,920.5305
Taiyuan,917.76
Tangier,915.96
Exeter,912.3
Limoges,909.735
Villahermosa,909.516
Sancti Spíritus,909.3738
Watertown,907.0072
Treviso,905.9399999999999
Satna,905.82
Aswan,905.79
Hasselt,904.95
Herten,904.275
Guayaquil,903.52
Francisco Beltrão,900.48
Sanandaj,900.0
Kawasaki,898.92
Paulista,898.68184
Versailles,896.658
Reutlingen,894.9285
Parma,892.8598000000001
Maidenhead,890.25
Harrisonburg,889.5239
Launceston,887.784
Mbuji-mayi,887.37
Guwahati,887.1
Hermosillo,887.0600000000001
Sandakan,883.38
Malegaon,883.32
Kaliningrad,882.4200000000001
Cuernavaca,881.6620399999999
Fuengirola,880.1039999999999
Huntington Beach,880.0391999999999
Angers,879.8415
Kathmandu,877.4399999999999
Jinjiang,876.63
Neuilly-sur-Seine,875.0504999999999
Chimaltenango,874.8482
Pimpri,874.2
Paysandú,868.12
Bhiwandi,866.82
Tiruchchirappalli,865.62
Pforzheim,864.696
Dormagen,862.83
Bressuire,861.822
Jabalpur,853.53
Capannori,850.47
Aoba-ku,849.69
Daqing,849.2099999999999
Devonport,848.0160000000001
Nampula,846.84
Ensenada,846.42
Bari,846.306
Gateshead,840.858
Dorsten,840.2175
Huddersfield,839.958
Tirunelveli,839.67
Artemisa,836.74152
Bucaramanga,835.4864
Montgomery,834.6571
Oakland,834.1029
Bijie,833.3100000000001
Ulhasnagar,831.9
Tauranga,828.99
Smyrna,826.7035999999999
Nova Serrana,826.5504
Herne,824.9159999999999
Gera,824.418
Zhuhai,823.86
Goiânia,820.64
Himeji,820.53
Maceió,819.02
Beni Mellal,817.47
Grenoble,817.0409999999999
Zagreb,814.77
Yuci,812.196
Tbilisi,810.42
Paraparaumu,808.0799999999999
Mount Gambier,804.528
Thanjavur,804.18
Djibouti,804.09
Jonesboro,801.1113
Khorramabad,800.3100000000001
Pozzuoli,794.28
Mombasa,794.28
Rockhampton,794.259
Boulogne-Billancourt,792.6825
Lismore,792.162
Namur,791.7
Bundaberg,785.052
Plaisir,784.3725
Kiel,783.645
Wiesbaden,783.087
Coffs Harbour,782.583
Toulon,781.9335
Ezhou,781.92
Ardabil,776.97
Irapuato,776.7102
Derby,775.44
Zahedan,775.4399999999999
Kendari,775.398
Laiyang,775.14
Ashdod,774.72
Kolhapur,773.3399999999999
Lower Hutt,773.22
Oceanside,772.6799
Campo Grande,771.64016
Worcester,770.34
Las Rozas de Madrid,770.046
Fatehpur,769.95
Kashan,768.75
Pontivy,768.135
Termez,768.06
Calgary,766.53
Mildura,765.147
Burbank,764.5337999999999
Westminster,763.6886
Valenciennes,762.444
Shihezi,761.34
Chester,758.6378
Coacalco,758.22352
Lecce,756.8100000000001
Belgaum,755.49
Doncaster,755.118
Jiangdu,754.53
Galati,754.14
Gaoyou,751.188
Liverpool,751.14
Spanish Town,750.06
Le Havre,749.8125
Saint-Malo,748.881
Salamanca,747.81
Joinville,745.62
Tasikmalaya,744.1917
Consolación del Sur,743.61924
Chapecó,743.0
Barletta,741.6
Jambi,740.6739
Leicester,740.598
Paterson,740.49
Palaiseau,739.38
Sanming,737.97
Dongguan,737.13
Windhoek,736.95
Auburn,734.9167
Magnitogorsk,733.14
Colombo,731.5004
Malang,731.3733
Nueva Gerona,730.92
Ijuí,729.38
Birkenhead,728.5500000000001
Tangshan,728.25
Huelva,725.355
Matsudo,724.83
Rach Gia,724.2456
Bogor,721.08
Emden,720.243
Toluca,719.13492
Bayonne,717.9125
Nicolás Romero,717.69856
Kupang,714.2631
Gloucester,712.98
Bengbu,712.41
Rasht,710.13
Northampton,708.8399999999999
Southend-on-Sea,705.12
Caucaia,703.6999999999999
Jiutepec,703.63356
Jerusalem,702.75
Saint-Priest,702.2685
Muzaffarpur,699.6
Magdeburg,696.834
Monroe,696.6242
Napier,695.97
Oldenburg,695.943
Tlalpan,694.38228
Salem,693.124
Haifa,692.4
Cabo de Santo Agostinho,691.1444
Decatur,689.0556
Xiamen,687.5699999999999
Vigo,684.414
Timaru,681.3299999999999
Rancagua,680.92
Walsall,679.8
Bihar Sharif,679.17
Zhongxiang,678.9599999999999
Swindon,676.62
Betim,675.7419199999999
Kaluga,674.58
Aschaffenburg,674.268
Benghazi,673.83
Murcia,673.494
Kalyan,672.51
Zhenjiang,672.48
Carcassonne,671.538
Miguel Hidalgo,670.3579199999999
Arras,668.793
Xuzhou,667.842
Vincennes,665.2305
Six-Fours-les-Plages,664.3860000000001
Fasa,663.6899999999999
Mount Vernon,662.5146
Winnipeg,662.4599999999999
Mbandaka,659.7
Bielefeld,659.235
Gyor,658.95
Letchworth,658.02
Xinshi,657.9
Hamm,656.946
Montevideo,655.9440000000001
Madero,655.86484
Oxford,655.068
Beverly,654.9194
Kolwezi,654.51
Cadereyta,652.952
Trenton,652.0998
Cuiabá,651.14
Darwin,651.0120000000001
Calais,650.004
Meerut,646.08
La Baule-Escoublac,643.977
Portmore,642.16584
Chemnitz,642.03
Jiangmen,638.502
Langenhagen,638.415
Acerra,638.4
Cranston,637.4977
Ibagué,636.18
Newcastle upon Tyne,635.352
Edmonds,634.2478
Albuquerque,634.0880999999999
Hubli,634.05
Perth Amboy,633.644
Clermont-Ferrand,633.372
Obregón,632.53744
Heyuan,630.63
Kuala Terengganu,629.82
Altamira,629.48744
Hempstead,629.0645999999999
Botosani,628.83
Bonn,627.8340000000001
Dalian,626.91
Champigny-sur-Marne,626.6145
Handan,623.82
Borujerd,623.34
Sevastopol,622.56
Nasik,619.74
Taupo,619.68
Klagenfurt,618.6
San Pablo de las Salinas,617.4639999999999
Burgos,616.743
Zhengzhou,615.9599999999999
Heilbronn,615.567
Feira de Santana,615.39056
Koblenz,614.1
Zigong,614.01
Bilaspur,613.83
Mau,610.89
Bellingham,610.5908
Sarajevo,610.5
Geneva,608.79
Recklinghausen,606.75
Avadi,605.4300000000001
Waynesboro,603.3858
Tunis,602.1
Bareilly,599.85
Minden,599.322
Luhans'k,599.07
York,598.7268
Potchefstroom,598.0500000000001
Madurai,596.8199999999999
Schwerin,595.104
Safi,593.8199999999999
Euskirchen,592.995
Kent,591.7956
Lodz,590.64
Ljubljana,590.04
Wattrelos,587.3969999999999
Gongzhuling,586.7099999999999
Orihuela,585.708
Lorca,582.5939999999999
Valles,582.4886
Hattiesburg,582.0694
Pleasant Grove,580.6549
Gyula,579.3000000000001
Wadi as Sir,579.3
Soacha,578.16
Varna,578.13
Basildon,578.1
Kandahar,577.53
Indore,576.18
Broken Arrow,575.5226
Saltillo,575.22072
Norderstedt,575.193
Littlehampton,573.75
Lome,573.6
Getafe,571.8629999999999
Brighton,571.74
Kristiansand,571.23
Taiping,570.72
Eastbourne,570.453
Warrington,569.07
Nakuru,568.8000000000001
Surabaya,568.5344999999999
Massy,566.91
Porto Alegre,565.0684
Wuchuan,562.62
Hangzhou,562.2
Langen,560.745
Caxias do Sul,558.22
La Teste-de-Buch,557.49
Gawler,557.487
Appleton,554.7663
Mahajanga,553.02
Berdyans'k,551.88
Manado,548.9727
Sukabumi,546.8957999999999
Quchan,546.78
Malayer,546.6899999999999
Homs,545.694
Limeira,545.3598
Yogyakarta,545.2863
Torrance,545.1510000000001
Akola,543.48
Mantes-la-Jolie,543.057
Yaroslavl',540.42
San Jose del Monte,539.3729999999999
Fortaleza,538.01072
Roissy-en-Brie,537.18
San Cristóbal de Las Casas,533.8
Acuña,532.0120000000001
Matanzas,531.46
Aberdeen,530.76
Al Hillah,528.99
Beauvais,528.3149999999999
Cuttack,527.64
Behshahr,527.04
Dewas,525.9
Santa Cruz de la Sierra,525.74
Al Minya,524.64
João Pessoa,524.24528
Tawau,523.23
Clydach,523.11
Nanchang,521.52
Evry,520.8629999999999
Sandy Springs,520.5891
Zanjan,518.16
Paderborn,516.54
Semarang,515.3342999999999
Orem,514.6335
Belfort,514.503
Superior,514.0822000000001
Santa Cruz de Barahona,513.51
Margate,513.1727999999999
Villefontaine,512.5799999999999
Marietta,512.1456
Annonay,511.152
Kochi,510.78
Guasave,509.86863999999997
Chaguanas,508.94903999999997
Teresópolis,507.64064
Torrevieja,507.51
Salzburg,506.88
Rostock,506.652
Cotonou,505.53
Vantaa,504.12
Quibdó,503.98591999999996
Ponferrada,503.406
Upper Hutt,502.92
Bolzano,502.332
Edogawa-ku,501.84000000000003
Maringá,501.08000000000004
Opole,500.34
Eggenstein-Leopoldshafen,500.091
Guarulhos,500.06
Cholula,499.964
Yangzhou,499.92
Saga,499.43999999999994
Criciúma,499.36
Homyel',498.93
Maradi,497.28000000000003
Tulancingo,496.04
Mogadishu,495.87
Mansfield,495.37870000000004
Sandnes,494.19
Parbhani,492.9
Aligarh,492.84000000000003
Coslada,492.468
Offenbach,491.784
Severodvinsk,489.21000000000004
Griffith,489.069
Marly-le-Roi,487.92
Nagercoil,487.32
Xichang,486.45
Kankan,486.42
Mississauga,484.8
Ceuta,484.506
Courbevoie,482.81850000000003
Guelma,482.34000000000003
Palma Soriano,481.36
Garoua,481.11
Kuching,480.39
Beirut,480.18
Great Yarmouth,479.85
Libreville,479.67
Athens,479.3221
Chingola,479.01
Dreux,478.0245
Timisoara,477.75
Dubuque,477.6744
Erfurt,477.456
Americana,477.12039999999996
Cartagena,476.36792
Les Abymes,476.2
Wilhelmshaven,475.368
K'ut'aisi,475.26
Foumban,474.59999999999997
Toowoomba,474.402
Amiens,472.635
Raleigh,472.594
Bonneuil-sur-Marne,472.0005
Greenwood,471.73220000000003
Cárdenas,471.72512
Meriden,470.2212
Heidelberg,469.794
Saint Cloud,469.614
Zunyi,468.9
Bangui,468.54
Talcahuano,467.8734
Dearborn,467.3864
Oshawa,466.86
Bhubaneswar,464.46000000000004
Toledo,464.20320000000004
Novo Gama,464.19316000000003
Turku,463.35
Garbsen,463.023
Arak,462.03000000000003
Kozhikode,461.22
Bello,461.08
Arkhangelsk,459.12
Gravesend,458.97
Ramnicu Valcea,457.92
Ndola,457.77
Santa Barbara,457.2858
Chengjiang,456.24
Puducherry,455.94
Wenzhou,454.98
Albacete,454.758
Redlands,454.1556
Constanta,453.87
Tongchuan,453.18
Lehi,451.6626
Hackensack,451.2547
Jamnagar,450.99
Rochdale,450.93
Tegal,450.85229999999996
Guiyang,449.37
Nowra,448.33799999999997
Shouguang,446.76
Delmenhorst,446.58000000000004
Annaba,445.35
Metz,443.754
Les Mureaux,442.608
Muskogee,442.5966
Dundee,440.673
Rouen,439.128
Puente Alto,438.76
Firozabad,438.66
Karlsruhe,437.778
Tarbes,436.44
Remscheid,435.315
Chillán,434.96000000000004
Mount Isa,433.935
Hiratsuka,433.86
Koshigaya,432.48
Juiz de Fora,431.42
Natal,430.38696
Poznan,430.10999999999996
Ivry-sur-Seine,428.7495
Tirupati,428.46000000000004
Tripoli,428.22
Guilin,427.71
Eau Claire,427.49780000000004
Araguaína,426.7
Garforth,426.57
Villenave-d'Ornon,425.673
Bryansk,424.32
Drammen,423.96000000000004
Sucre,423.32
Lausanne,422.49
Bangor,422.2204
Nancy,421.74
Watford,421.2
Monclova,420.39128
Kassel,419.103
Slupsk,418.91999999999996
Thies Nones,418.23
Boulogne-sur-Mer,416.805
Jiamusi,416.49
Santana de Parnaíba,415.706
Southaven,412.8902
Lansing,412.8734
Evanston,411.8838
Potosí,411.76
Shinyanga,411.639
San Martín,411.5
Bissau,411.39
Viersen,411.339
Guntur,410.46
Villeneuve-d'Ascq,410.433
Uberaba,410.34976
South Shields,409.14
Kitchener,408.87
Castres,407.787
Duque de Caxias,407.76
Grigny,407.07
Saint-Cyr-sur-Loire,406.3125
Nizhyn,406.29
Melun,405.108
Freiburg,404.904
Manizales,404.57516
Bourges,404.4615
Brahmapur,403.86
Georgetown,402.76000000000005
Cochabamba,401.24
Durango,400.99512
Tarnow,400.40999999999997
Korla,400.38
Tuxtla Gutiérrez,400.25952
Delgado,400.06292
Presidente Prudente,399.88
Gaspar,399.79164
Durban,399.75
Al Mubarraz,398.49
Civitavecchia,397.62
Darmstadt,397.086
Pelotas,396.09504
Fresnes,395.418
Leuven,395.37
Yibin,395.25
Likasi,394.71
Gdynia,394.5
Piedecuesta,394.0
Hargeysa,392.96999999999997
Ibiúna,392.84000000000003
Kaspiysk,392.76
Tallahassee,392.7116
Satu Mare,392.58000000000004
Kisangani,392.04
Allauch,391.542
Langenfeld,391.515
Plzen,391.38
Changsha,390.71999999999997
Suffolk,389.8122
Westland,389.5995
Yantai,389.48999999999995
Ingolstadt,389.457
Aulnay-sous-Bois,388.89
Provo,388.5674
Forster,388.479
Lugoj,387.24
Gdansk,387.09000000000003
Hurghada,387.03000000000003
Meizhou,386.31
Clamart,386.1195
Batna,385.56
Barra Mansa,385.15999999999997
Quelimane,385.11
Maple Grove,385.01009999999997
Wallasey,384.72
Puerto Padre,383.84528
Nanterre,383.814
Dewsbury,382.68
Redditch,381.69
Casoria,381.12
Fukuyama,380.43
Pontault-Combault,379.791
Annecy,379.605
Khomeynishahr,379.29
Firminy,378.43800000000005
Bandar Abbas,377.94
Orlando,377.7253
Mbeya,375.9
Saint-Chamond,375.012
Riverside,374.7296
Cholet,374.67900000000003
Cergy,374.541
Armidale,374.307
Amol,374.19
Bourg-en-Bresse,374.052
Bedford,373.2002
Xiaogan,372.831
Taranto,371.28000000000003
Neuwied,371.04
Colomiers,370.707
Nellore,370.62
Bottrop,370.494
Caen,370.044
Suining,369.57
La Spezia,368.76
New Rochelle,368.411
Lunel,368.229
Norwich,367.6696
Tehuacán,367.56616
Bytom,366.0
Khmel'nyts'kyy,365.13
Al Fayyum,364.46999999999997
Talavera de la Reina,363.504
Peterborough,362.37
Palermo,358.278
Arauca,358.03012
Licheng,357.93
Worms,357.741
Pasco,357.5244
Venice,357.126
Augsburg,356.9939999999999
Passaic,356.8186
Antofagasta,356.66031999999996
Gap,356.517
Wigan,356.25
Ris-Orangis,355.935
Broken Hill,355.065
Pinsk,354.75
Piatra-Neamt,354.59999999999997
Imphal,354.41999999999996
Altamura,354.16200000000003
Oriximiná,353.97576000000004
Moreno Valley,353.6301
Niort,353.42699999999996
Noblesville,353.313
Ibirité,353.06
Grasse,352.44300000000004
Brampton,351.69
Vitória,351.59999999999997
Lincoln,350.37
Amatitlán,350.30448
Milpa Alta,349.868
Thonon-les-Bains,349.572
Hidalgo,349.06
Sakaka,348.84
Taubaté,348.4
Aracaju,348.35999999999996
Porto-Novo,347.82
Aix-en-Provence,347.57099999999997
Quincy,347.0908
Agadir,346.74
Oxnard,346.4577
Montrouge,346.128
Patiala,346.02
Sumaré,345.38
Sari,344.1
Sioux Falls,343.4299
Yichun,343.38
Reading,342.4648
Tours,341.48699999999997
Ratlam,340.44
Rybnik,339.96
Constantine,339.6
Stockton,339.52639999999997
Winterthur,339.36
Nantong,338.97
Waterbury,338.9355
Tel Aviv,338.40000000000003
Samobor,338.34
Shuangcheng,338.22
Cognac,337.719
Bossier City,336.96080000000006
Dos Quebradas,336.72
Vallejo,336.03549999999996
Datong,335.73
Plovdiv,335.67
Kindia,333.3
Marl,332.862
Las Vegas,332.4433
Latina,332.268
Vitoria,331.866
East London,331.62
Arusha,330.948
Lohne,330.6
Nizamabad,330.53999999999996
Zaporizhzhya,330.42
Salt Lake City,329.2601
Rambouillet,329.22900000000004
Mykolayiv,328.62
Murray Bridge,328.563
Landerneau,328.329
Grevenbroich,327.858
Lake Forest,327.5314
Meudon,327.41999999999996
Noisy-le-Grand,325.75199999999995
Mauá,325.61292
Valparaíso de Goiás,325.28000000000003
Laohekou,325.14
Yicheng,325.11
Herat,324.72
Bhatinda,324.71999999999997
Villeneuve-Saint-Georges,324.3825
Wichita,323.9266
Trento,323.502
Padang,323.4093
Girona,323.19
Oradea,322.59000000000003
Khemisset,322.29
Benidorm,322.212
Dieppe,322.197
Bastia,322.10400000000004
Annecy-le-Vieux,321.552
Neunkirchen,321.342
Balikpapan,320.6421
Huizhou,320.34
Mont-de-Marsan,320.22
Moradabad,319.77
Tumkur,319.2
Milford,319.054
Kerman,318.75
Chelmsford,318.53999999999996
Irun,318.528
Bagneux,318.12
Ixtapaluca,317.6
Sikasso,317.16
Tupã,317.02000000000004
Wad Madani,316.53000000000003
São Luís,316.34144
Bijapur,314.96999999999997
Sorocaba,314.96
Teresina,314.87564
Potsdam,314.76
Duitama,312.20599999999996
Ipswich,311.84999999999997
Saint Charles,311.4834
Les Ulis,311.1
Genoa,310.83
Abha,310.65
Kure,310.41
Niterói,309.78
Aylesbury,309.552
Jiutai,309.09
Halifax,308.55
Gwalior,306.15
Xuanhua,305.94
Hereford,305.508
Yao,305.34
Nagasaki,304.62
Mufulira,304.40999999999997
Pila,304.38
Arles,303.849
Bukavu,303.45
Pau,303.021
Alicante,302.766
Kita-ku,302.73
Paranaguá,302.05199999999996
Berne,301.98
Chesterfield,300.21
Macheng,299.4
Fort Worth,298.73269999999997
Costa Mesa,297.20889999999997
Zlatoust,297.15
Bath,297.15
Hagen,297.12
Osh,296.52
Centurion,296.46
Ashqelon,296.34
Hailin,295.86
Dunstable,295.77000000000004
Rotorua,294.96
Radom,294.39
Lichinga,293.90999999999997
Gronau,293.28000000000003
São Bernardo do Campo,293.12
Apple Valley,292.589
Ludwigsburg,292.149
Jember,291.1347
San Gabriel,290.8953
Vlore,290.67
Dire Dawa,290.16
Cangzhou,289.56
Givors,289.5585
Thika,289.11
Sumy,288.84000000000003
Vernon,287.25600000000003
Namangan,286.71
Tourcoing,284.8455
Kherson,284.64
Torre del Greco,284.268
Ratingen,284.106
Aksu,283.98
Belleville,283.6492
Granollers,283.545
Cheltenham,283.2
Aalen,283.005
Gennevilliers,282.71549999999996
Arzgir,282.0
Worthing,281.7
Puyang,281.61
Shanwei,281.55
Santos,281.34000000000003
Cotia,281.12
Resende,280.86
Loubomo,280.74
Beni Suef,280.44
Buzau,280.29
Livingston,279.99
Shumen,279.96
South Bend,279.5512
Cluj-Napoca,279.0
Kingston,278.76
Brindisi,277.3500000000001
Issy-les-Moulineaux,276.9435
San Juan del Río,276.296
Marikina,276.036
Kirovohrad,275.94
Franca,275.94
Kayes,275.82
San Francisco del Rincón,275.548
Paço do Lumiar,275.52
Laghouat,275.31
Drancy,274.41150000000005
Xinxiang,274.41
La Madeleine,274.074
Neubrandenburg,273.84000000000003
Al Hufuf,273.54
Zhanjiang,273.51
Vratsa,273.06
Jena,272.73900000000003
Miass,272.58
Ottawa,272.58
Richmond Hill,272.19
La Crosse,272.0761
Brussels,272.01
Marbella,271.98
Xintai,271.44
Koidu,271.14
Evreux,271.092
Martigues,270.78000000000003
Salinas,270.5181
Shimonoseki,269.76
Norman,269.5287
Cannes,269.403
Colima,268.25524
Southport,268.158
Cachan,267.8625
Saint-Genis-Laval,267.744
Conflans-Sainte-Honorine,267.5475
Zhaoyuan,267.48
Le Cannet,266.211
Twin Falls,266.1649
Punta Arenas,266.14
Pingdingshan,266.1
Celaya,265.87919999999997
Bertoua,265.74
Rotherham,265.05
Cabo Frio,264.7468
Siegen,264.57000000000005
Saskatoon,264.36
Kawaguchi,263.4
Rome,262.39979999999997
Mabopane,262.17
Burnie,261.483
San Andrés Tuxtla,261.0412
Samarra',260.58
General Escobedo,260.532
Solihull,259.2
Elbasan,258.9
Revere,258.8366
Mazyr,258.24
Bagnolet,257.64
Wakefield,257.52
Perpignan,257.235
Salavat,257.19
Brasov,256.59
Messaad,256.08
Portici,255.05999999999997
Vannes,254.6745
Dehra Dun,254.4
Dabrowa Gornicza,254.19
Kaifeng,254.19
Tieling,254.1
Asansol,253.47
Patrocínio,253.35999999999999
Chetumal,253.16784
Vichy,252.273
Saint-Laurent-du-Var,252.1245
Roanne,252.09
Tanta,252.03
Tarragona,251.91
Medan,250.82189999999989
Le Blanc-Mesnil,250.818
Cosenza,250.812
Sabzevar,250.53
Saanich,250.52999999999997
Cheshunt,250.02
Kindu,249.81
Denpasar,249.77309999999997
Kediri,249.4257
Quimper,248.98200000000003
Monza,248.688
Natitingou,248.49
Chula Vista,248.43460000000002
Huangshan,248.04000000000002
Waterlooville,246.876
Asti,246.72
Gummersbach,246.222
Mohammedia,245.73000000000002
Birigui,245.62
Pontoise,245.25599999999997
Iasi,244.77
Pontianak,244.2831
Horlivka,244.26000000000002
Cajazeiras,244.12752
Tanga,243.42
Edmond,243.10389999999998
Masterton,242.73
Trieste,242.46
Kaiyuan,242.244
Saharanpur,242.13
Lisieux,241.506
Lake Charles,241.2558
Boa Vista,241.23736
Atlixco,240.65604000000002
La Rochelle,240.61049999999997
Yamoussoukro,240.60000000000002
Qarshi,239.82
Chaozhou,239.52
Ermont,238.911
Santiago de Compostela,238.43400000000003
Cessnock,238.407
Montes Claros,238.3896
Huaiyin,236.31
Tampico,236.09199999999998
Halesowen,235.98000000000002
Lawton,235.50850000000003
Shangyu,235.41
Corbeil-Essonnes,235.34699999999998
Marsala,235.086
Salina Cruz,234.44
Grand Rapids,233.92270000000002
Abadan,233.82000000000002
Chiclana de la Frontera,233.64
Bejaia,233.34
Las Pinas,233.205
Chipata,232.68
Hildesheim,232.632
Modica,232.59
Sartrouville,231.78
Shahreza,231.15
Lorena,231.1
Vitry-sur-Seine,231.087
Takasaki,230.4
Bikaner,230.34
Fargo,230.1497
Widnes,230.01000000000002
Yambol,229.98
Tecomán,229.26
Ann Arbor,228.91580000000002
Sparks,228.536
Green Bay,228.4764
Carrara,228.17399999999998
Wels,228.03
Udaipur,227.57999999999998
Durg,227.1
Stevenage,226.70999999999998
Burnaby,226.53
Jacareí,226.03144
Molina de Segura,225.89999999999998
Gulbarga,225.63
São Leopoldo,225.1214
Lora del Río,224.88
Boa Esperança,224.82
Ercolano,224.79
Tongliao,224.28
Cuajimalpa,224.12164
Carlisle,224.034
Yunyang,223.428
Douai,223.215
Boise,221.9373
Santander,220.88100000000003
Huyton,220.464
Sucy-en-Brie,220.365
Mougins,219.879
Chatou,219.846
Campeche,219.69072
Gagnoa,218.28
Bialystok,218.19
Bebington,218.04
Piotrkow Trybunalski,217.79999999999998
Noda,217.77
Gorgan,217.53
Bowling Green,217.0617
Oruro,216.38
Jaú,214.86
Viña del Mar,214.62
Le Plessis-Robinson,214.3935
Le Pontet,214.365
Coulommiers,214.3095
Markham,213.63
Amritsar,213.57
Danville,213.0453
Erftstadt,212.262
Colombes,212.172
Anápolis,211.5
Pertuis,209.286
Neiva,209.2704
Pessac,208.971
Forbach,208.65
Mysore,208.35
Itaúna,208.184
Atakpame,207.51
Jiaozuo,207.48
Guanajuato,207.47536
Bandar-e Anzali,207.45
Mirzapur,207.42000000000002
Olathe,207.4108
Athis-Mons,206.688
Chenzhou,206.64000000000001
Vanves,206.208
Bezons,205.8375
Chico,205.12539999999998
Gelsenkirchen,205.026
Gravataí,204.98144
Jiangyan,204.64200000000005
Florencia,204.00268
Villeneuve-le-Roi,203.529
Overland Park,203.5218
Barreiras,203.35888
Auxerre,202.422
Brownsville,202.072
Mentougou,201.72
Badalona,201.576
Lida,201.51
Villingen-Schwenningen,200.45999999999998
Zabrze,200.22
Itamaraju,200.04
Garza García,199.936
Vitrolles,199.7205
Neijiang,199.62
Surrey,199.5
Targu Mures,199.35
Grajaú,198.14
Stellenbosch,198.0
Kukatpalli,197.97
Maisons-Alfort,197.709
Ploiesti,197.16
Summerville,196.91320000000002
Alcobendas,196.75199999999998
Pietermaritzburg,196.53
Naihati,196.11
Woodbury,196.09619999999998
Ad Diwem,195.29999999999998
Xianyang,194.88
Avignon,194.09099999999998
Chandigarh,193.95
Marsabit,193.44
Ganganagar,193.35
Qiqihar,193.32
Anshun,193.20000000000002
Bo,192.72
Kassala,192.69
Saint-Germain-en-Laye,192.402
Villa Alemana,192.32
Basingstoke,192.14999999999998
La Porte,191.98579999999998
Sosnowiec,191.85
Holon,191.79
Saveh,191.67000000000002
Cherkasy,191.55
Bruges,191.01
Mathura,190.86
Frontignan,190.746
Epinal,189.357
Clichy,188.859
São Pedro da Aldeia,188.5736
Utica,188.55960000000002
Bakersfield,187.9247
Derbent,187.68
Divinópolis,187.04
Santa Rosa,187.004
Uvarovo,186.93
Lianzhou,186.6
Wuhai,186.48000000000002
Juba,186.36
Ocaña,185.92
Renton,185.4324
Blackburn,185.4
Ebolowa,185.39999999999998
Kisumu,185.22
Sarcelles,184.647
Zielona Gora,184.38
Dartford,184.05
Saint-Herblain,184.005
Villemomble,183.8685
Cormeilles-en-Parisis,182.88
Glendale,182.8598
Bratsk,182.82
Linyi,182.34
Yushu,182.16
Pocatello,181.35590000000002
Poole,181.07999999999998
Ruda Slaska,180.45
Hisar,180.09
Mossoró,179.63224
Fremont,179.4696
Oldham,179.16
Sagamihara,179.01000000000002
Cuautitlán,178.66
Carquefou,178.5225
La Paz,177.08
Kikwit,176.58
Redondo Beach,176.4289
Echirolles,175.935
Cincinnati,175.3371
Saqqez,175.17000000000002
Puerto Vallarta,175.11599999999999
Marina di Carrara,175.07999999999998
Valladolid,174.93600000000004
Victoria,174.66324
East Orange,174.6191
Najafabad,174.15
Villeparisis,174.084
Thiais,173.5545
Zhoukou,173.52
Laon,173.202
Manteca,172.2358
Spokane,172.2261
Ichalkaranji,171.81
Cuenca,171.085
Kashira,170.73
Alfortville,170.607
Chernihiv,170.31
Mont-Saint-Aignan,170.00400000000002
Lubango,169.68
Farmington,169.4115
El Prat de Llobregat,169.209
Bene Beraq,168.84
Suihua,168.83999999999997
Le Chesnay,168.75300000000001
Noisy-le-Sec,168.417
Pinheiro,168.32
Chaville,168.312
Tahta,168.20999999999998
Draguignan,168.0
Tournefeuille,167.892
Ciudad del Carmen,167.72768
Masjed Soleyman,167.49
Bengkulu,167.2065
Rio Branco,167.06
Novara,166.782
Conselheiro Lafaiete,166.42000000000002
Valence,166.233
Toul,165.618
Cagnes-sur-Mer,165.39000000000001
Bandundu,165.18
Gradignan,164.7285
Oyama,164.34
Itapevi,164.26
Texarkana,163.3746
Ronchin,163.21499999999997
Kopeysk,162.9
Yazd,162.39
Osorno,162.3
Hangu,162.18
Huntsville,161.83080000000007
Gaya,161.67000000000002
Lormont,161.47199999999998
Juazeiro,160.82
Bhatpara,160.41
Pesaro,159.978
Osasco,159.38
Zhumadian,159.26999999999998
Kilwinning,159.21
Camarillo,158.7956
Wetter (Ruhr),158.51999999999998
Passos,158.34
Stavanger,158.19
Piedras Negras,157.95152
Carlsbad,157.7661
Middletown,157.61589999999998
Shuangyashan,157.05
Livry-Gargan,156.666
Kasugai,156.57
Chartres,156.5235
Huzhou,156.51
Xianning,156.20999999999998
Braila,156.12
Shrewsbury,155.58
Bagé,155.44
Belgorod,155.16
Heroica Zitácuaro,155.084
Tamale,154.98
Rubí,154.89
Djougou,154.77
Serra,154.70000000000002
Myslowice,154.26
Friedrichshafen,153.79500000000002
Guanambi,153.51012
Skikda,153.39000000000001
Westfield,153.17579999999998
Takatsuki,153.0
Bielsko-Biala,152.85
Moa,152.68
Dniprodzerzhyns'k,152.52
Missoula,152.495
Guzmán,152.316
Aalst,152.31
Oak Park,152.0428
Saint Petersburg,151.9823
Leverkusen,151.962
Roeselare,151.56
Guangshui,151.32
Ramat Aviv,151.26000000000002
Savigny-le-Temple,151.107
Mission Viejo,151.0645
Samarinda,150.96269999999998
Gresham,150.86440000000002
Pomona,150.299
Sabadell,149.682
Sangli,149.55
Guiping,149.49
Bunbury,149.32500000000002
Canton,149.2776
Vaulx-en-Velin,148.839
Las Piedras,148.68
Ivanovo,148.41
Rosenheim,148.392
Garches,147.5625
Fushun,147.39000000000001
Jalalabad,147.36
Man,147.32999999999998
Hradec Kralove,147.24
Lubbock,147.1387
Santarém,146.72
Saint Peters,146.4036
Heze,146.22
Carvin,146.145
Urganch,146.1
Saint-Quentin,145.401
Cambé,145.0
Loudi,144.9
Macon,144.8535
Zhaoqing,144.42
Polatsk,144.23999999999998
Barnsley,143.964
Cruzeiro,143.92836
Ancona,143.31
Dos Hermanas,142.986
Asunción,142.82
Miramar,142.613
Shangzhi,142.5
Pereira,142.26
Floridablanca,141.4
Boscoreale,141.24
Dearborn Heights,140.8905
Thornton,140.8398
Orsha,140.79
Regina,140.55
Montecatini Terme,140.55
Wasquehal,140.268
Lençóis Paulista,139.98
Khouribga,139.71
Olympia,139.6269
Cruz das Almas,139.404
Rivne,139.29
San Lorenzo,139.20752
Vittoria,138.69
Soledad Díez Gutiérrez,138.48
Gilbert,138.253
Dhule,138.15
Araçatuba,138.12
Roman,138.06
Valparaíso,137.7
Antsiranana,137.13
Mannheim,136.992
Haikou,136.593
Czestochowa,136.56
Coon Rapids,136.4532
Bournemouth,135.6
Penglai,135.36
Huadian,134.61
José Bonifácio,134.31256
Borazjan,134.31
Eugene,134.03719999999998
Bajos de Haina,133.74112
Tartu,133.56
Rockville,133.2147
Concarneau,132.42
Ziguinchor,132.36
Verona,132.354
Xiangfan,132.09
Taizhou,131.91
Bry-sur-Marne,131.547
Murray,131.52859999999998
Nzerekore,131.52
Balti,130.77
Kenitra,130.26
Giyani,129.33
Rimini,129.3
Binjai,129.25140000000002
Valledupar,129.19464000000002
Ananindeua,129.096
La Celle-Saint-Cloud,128.871
Les Herbiers,128.85750000000002
Stourbridge,128.46
Chimoio,128.1
Shkoder,127.56
Rueil-Malmaison,127.416
Jammu,127.32
Palencia,127.08000000000001
Warangal,126.93
Leshan,126.72
Vespasiano,126.38
Stolberg,126.324
Cremona,126.27
Nogent-sur-Oise,126.22800000000001
Sterlitamak,125.67
Flensburg,125.49000000000001
Sant Boi de Llobregat,124.797
Sylhet,124.59
Cirebon,124.3086
Andover,124.1886
Sibiu,123.96
Livingstone,123.84
Ghaziabad,123.75
Bamenda,123.66000000000001
Kuito,123.48
São José dos Campos,123.16
Lannion,123.003
Vaughan,123.0
Yerres,122.5425
Fontainebleau,122.30099999999999
Zinder,122.28
Deltona,122.1344
Caçador,122.1
Bergheim,122.01
Ramat Gan,121.86
Tetouan,121.41
Meyzieu,121.06949999999999
Jiangyou,120.81
Kettering,120.48
Hayange,119.7765
Rio Rancho,119.5878
Handa,119.28
Port Said,118.62
Longueuil,118.61999999999999
Les Clayes-sous-Bois,118.32300000000001
Dayr az Zawr,118.23599999999999
Donghai,117.57000000000001
Grosseto,117.312
Andijon,117.08999999999999
Oktyabr'skiy,116.99999999999999
Durham,116.8699
Kismaayo,116.42999999999999
Passo Fundo,116.12
Rottingdean,115.44
Covington,115.10940000000001
Reno,115.0527
Montmorency,114.5295
Getxo,114.48
La Mesa,114.387
Thionville,113.67
Rijeka,113.64
Jurema,113.4704
Baranagar,113.42999999999999
Whitby,113.4
Burgas,113.31
Vicenza,113.172
Cassilândia,113.16000000000001
Usol'ye-Sibirskoye,113.16000000000001
Veracruz,113.05199999999999
Villiers-le-Bel,111.267
Mallawi,111.03
Lianyuan,110.97
Farroupilha,110.96
Ajaccio,110.94300000000001
Cuxhaven,110.52
Darton,110.34
Vacaville,110.0528
Baraki,109.94999999999999
Mijas,109.8
Rosarito,109.21279999999999
Sliven,109.14
Yulin,109.089
Valdemoro,108.924
Auch,108.378
Fano,108.36
Oleksandriya,108.3
Hollywood,108.2012
Milan,107.91600000000014
Panipat,107.64
Siping,107.52
Sunnyvale,107.5073
Zhuzhou,107.16000000000001
Fernando de la Mora,107.16
Flers,106.605
Vignola,106.35
Baia Mare,105.96
Port Arthur,105.77600000000001
Bragança Paulista,105.67999999999999
Gaithersburg,105.541
Trinidad,105.32600000000001
Roodepoort,105.27000000000001
Shulan,105.24
Pindamonhangaba,104.67999999999999
Hazebrouck,104.082
Diadema,104.08
Menton,103.8225
Unna,103.515
Acayucan,103.39936
Nikopol',103.25999999999999
Bujumbura,103.08
Torquay,102.89999999999999
Jinhua,102.84
West Jordan,102.67229999999999
Montesson,102.28649999999999
Chifeng,102.24000000000001
Trappes,102.12
Umtata,102.09
East Point,102.0138
Progreso,101.94
Temecula,101.8869
Tychy,101.88
Agen,101.448
Moorhead,101.4106
Hamme,100.83
Nkongsamba,100.77000000000001
Poissy,100.728
Karimnagar,100.62
Runcorn,100.32
Umuarama,100.20751999999999
Cheyenne,100.196
Thousand Oaks,99.91399999999999
Guaratinguetá,99.9
Haguenau,99.6135
Wenling,99.6
Reus,99.27000000000001
Windsor,99.03
Frontera,98.768
Sidi Bel Abbes,98.67
Clifton,98.58840000000001
Saint Louis,98.5541
Hesperia,98.52690000000001
Ipiales,98.4
Perugia,97.63800000000002
Soledad,97.46
Domont,97.1685
Mariupol',97.11
Mishawaka,96.59200000000001
Zacatecas,96.56
Ivano-Frankivs'k,96.54
Parla,96.54
Clacton-on-Sea,96.3
Palembang,95.68230000000003
Tempe,95.4496
Meridian,95.214
Puerto Montt,95.03999999999999
Lanester,94.9905
Los Patios,94.8
Anantapur,94.67999999999999
Tournai,94.62
Zhangjiakou,94.47
Huixquilucan,94.44
Roubaix,94.17
Arica,93.9
Budënnovsk,93.60000000000001
Mount Pleasant,93.5208
Tatuí,93.52
Contagem,93.02576
Anzio,93.0
Lanxi,92.76
Draper,92.72550000000001
Rustenburg,92.55
Stralsund,92.31
Francisco Morato,92.3
Murrieta,92.0835
Depok,91.94850000000004
Iserlohn,91.938
Qidong,91.92
Fukui,91.77
Mouscron,91.68
Butare,91.29
Catania,90.88799999999999
Arnsberg,90.819
Garden City,90.6259
An Nasiriyah,90.48
Wausau,90.4306
Jizzakh,90.36
High Wycombe,90.24
Le Creusot,90.09
Koumra,90.0
Pasadena,89.87190000000001
Botshabelo,89.4
Lajeado,89.32000000000001
Copiapó,88.88
Katoomba,88.49100000000001
Angarsk,88.23
Visalia,88.0478
Khorramshahr,87.92999999999999
Barbacena,87.7296
Maubeuge,87.276
Itu,87.12
Eagan,87.0338
Montauban,86.88900000000001
Manzini,86.75999999999999
Santa Cruz do Sul,86.46
Naumburg,86.4
Barasat,85.8
Canoas,85.75999999999999
Yiwu,85.53
Elbeuf,85.149
Rizhao,85.14
Chaumont,84.954
Saint-Avold,84.912
Kissimmee,84.5982
Gien,84.42
Moshi,84.12
Villeneuve-sur-Lot,84.015
Mauguio,83.88
Lebanon,83.8057
Lins,83.76
Surakarta,83.67989999999999
Korhogo,83.46
Asyut,83.25
Saint-Dizier,83.208
Maisons-Laffitte,83.16
Creil,82.5
Trani,82.32
Abu Kabir,82.29
Pierrefitte-sur-Seine,82.182
Stockport,81.87
Ngaoundere,81.75
Mwanza,81.468
Chandler,81.4605
Weston-super-Mare,81.03
Hohhot,80.97000000000001
Dinslaken,80.82000000000001
Cedar Rapids,80.736
Taboão da Serra,80.58
Sceaux,80.00999999999999
Woodstock,79.9929
Fresnillo de González Echeverría,79.872
Bellary,79.83
Girón,79.68
Leominster,79.5016
Cambrai,78.96
Albi,78.76650000000001
Woonsocket,78.6791
Sannois,78.6375
Idfu,78.63
La Pintana,78.43956
Oakville,78.21000000000001
Kremenchuk,77.97
Penedo,77.88
Taza,77.67
Nitra,77.64
Gulfport,77.5761
Changshu,77.56199999999998
Asheville,77.5074
Saginaw,77.1801
Kazerun,77.04
Funabashi,77.03999999999999
Neuilly-sur-Marne,76.875
Toyohashi,76.56
Daloa,76.29
Keren,76.2
Avondale,76.169
Zhangzhou,76.08000000000001
Vacaria,76.08
Echuca,75.888
Neuilly-Plaisance,75.6135
Ludwigsfelde,75.6
Lons-le-Saunier,75.22800000000001
Sevran,75.099
Yongchuan,74.88
Rafsanjan,74.82
Usti nad Labem,74.75999999999999
Deva,74.75999999999999
Settat,74.73
Helena,74.62219999999999
Foshan,74.37
Pingxiang,74.19000000000001
Lázaro Cárdenas,73.92
Meaux,73.86
Rancho Cucamonga,73.7442
Gubkin,73.74
Shijiazhuang,73.356
New Albany,73.3529
Suresnes,73.26
Melitopol',73.08
Gonesse,72.648
Itapecerica da Serra,72.54
Bayreuth,72.519
Jiaxing,72.21
Wuzhou,72.0
Saint-Pierre-des-Corps,71.7375
Mâcon,71.7
Olivet,71.184
Hove,71.09700000000001
Encinitas,71.0588
Yingcheng,71.01
Portoviejo,70.592
Sagunto,70.476
Kerpen,70.22999999999999
Guarujá,70.22
Pine Bluff,70.2048
Jincheng,70.02
Zihuatanejo,69.99600000000001
San Bernardino,69.98200000000001
Les Pavillons-sous-Bois,69.96000000000001
Ariquemes,69.69999999999999
Kramators'k,69.6
Northwich,69.42
Uvira,69.27
Vanadzor,69.09
Bistrita,68.88
Bilbeis,68.76
Bremerhaven,68.73
Ashford,68.58
Lincoln Park,68.3691
Kumba,68.1
Balneário Camboriú,68.0
Orland Park,67.992
Salon-de-Provence,67.86
Coxs B?z?r,67.83
Shushtar,67.74
Takestan,67.71000000000001
Oullins,67.638
Marlborough,67.60679999999999
Apucarana,67.56
Mostaganem,67.5
Changde,67.5
Zabol,67.44
Blois,67.32000000000001
Camaçari,66.68
Holland,66.6588
Hamar,65.88
Qena,65.85000000000001
Springs,65.67
Yangjiang,65.58
Acireale,65.526
Ternopil',65.37
Cartago,64.84
Barddhaman,64.5
St. Catharines,64.44
Hod HaSharon,64.14
Franconville,63.839999999999996
Jingdezhen,63.660000000000004
Nagaoka,63.27
Matadi,62.97
San Luis Río Colorado,62.82
Jalna,62.82
Pico Rivera,62.737
Broomfield,62.445
Vineland,62.2518
Colmar,62.126999999999995
Hot Springs,62.083800000000004
Saint-Ouen,62.04
Javanrud,61.949999999999996
Iquique,61.82
Maidstone,61.74
Gela,61.44
Saumur,61.228500000000004
Pickering,61.2
Matehuala,60.699999999999996
Verdun,60.55799999999999
Holyoke,60.392
Targu Jiu,60.269999999999996
Tongling,60.24
Lisichansk,60.21
Uruguaiana,60.18
Khenifra,60.12
Orsay,60.024
Ferndown,60.0
Harlow,60.0
Witten,59.910000000000004
Mopti,59.91
Arvada,59.8556
Pasto,59.84
Bloemfontein,59.699999999999996
Verviers,59.64
Niagara Falls,59.2383
Kasama,59.19
Beaumont,59.11639999999999
Hinckley,58.83
Damanhur,58.8
Caldwell,58.6966
Narbonne,58.482
Armenia,58.48
Vallauris,58.44749999999999
Teziutlán,58.28
Deuil-la-Barre,58.11150000000001
Urbandale,57.718
Carpentras,57.408
Wolfsburg,57.372
El Escorial,57.24
Siedlce,57.24
Jingmen,57.209999999999994
Douarnenez,57.0
Marignane,56.2365
Birobidzhan,56.1
Mitry-Mory,56.0475
Abbotsford,55.44
Katsushika-ku,55.14
Ennigerloh,54.882
Cottage Grove,54.796800000000005
Craiova,54.63
Vryburg,54.42
Apopka,54.3634
Estepona,54.36
Citrus Heights,54.3438
Rochester Hills,54.3332
Les Lilas,54.300000000000004
Jequié,54.160000000000004
Castelnau-le-Lez,54.09
Cary,54.0386
Schiffweiler,54.0
Navegantes,53.94
Gladbeck,53.802
Warner Robins,53.6884
Bamberg,53.495999999999995
Deyang,53.46
Shashi,53.160000000000004
East Kilbride,52.739999999999995
El Cajon,52.6872
Antibes,52.58399999999998
Asahikawa,52.53
Loum,52.44
Fiumicino,52.428
Ain Oussera,52.41
Pingnan,52.32
Majadahonda,52.02
Haltom City,51.955799999999996
Silao,51.88
Nuneaton,51.870000000000005
Atsugacho,51.839999999999996
Barry,51.54
Liuyang,51.48
Saint-Nazaire,51.315
Edea,51.089999999999996
Musoma,51.023999999999994
Tuscaloosa,51.010400000000004
Rolândia,50.959999999999994
Annemasse,50.85
Boynton Beach,50.6615
Westonaria,50.58
Beaune,50.559
New Bedford,50.4861
Taixing,50.25
Kamarhati,50.16
Troisdorf,50.01
Goussainville,49.869
Linden,49.6048
Gravatá,49.12
Fianarantsoa,48.839999999999996
Chorzow,48.81
Velbert,48.372
Hadera,47.94
Fuzhou,47.88
Shimoga,47.76
Ciénaga,47.76
Karnal,47.7
Denain,47.52
Palmira,47.4
Red Deer,47.28
Coachella,47.1736
Kirkwood,47.1344
Logan,46.9632
Torcy,46.77
Troyes,46.5225
Jundiaí,46.480000000000004
Eunápolis,46.48
Barra do Piraí,46.24
Laurel,46.1733
El Ejido,46.065
Mons-en-Baroeul,45.9
Erechim,45.64
Plock,45.449999999999996
Conway,45.294
Caraguatatuba,45.24
Sousa,44.94
Taylor,44.8682
Rapid City,44.7684
Foligno,44.7
Moulins,44.64
Lodi,44.4858
Whittier,44.4768
Bata,44.46
Indaiatuba,44.35304
San Bernardo,44.28
Langfang,44.25
Avion,44.238
Imola,44.1
Weihai,44.04
Crewe,44.010000000000005
Ostrava,43.98
Simões Filho,43.96
Las Cruces,43.9394
Mtwara,43.83
Aprilia,43.769999999999996
Floriano,43.69512
Afragola,43.308
Gladstone,43.00680000000001
Londrina,42.86
Cedar Hill,42.8316
San Clemente,42.5419
Sonneberg,42.45
Yanji,42.24
Shahriar,42.120000000000005
Boghni,42.0
Laguna Niguel,41.9815
Les Pennes-Mirabeau,41.85
Guidonia Montecelio,41.652
Gillingham,41.58
Iguala,41.56264
Waterloo,41.5248
Coppell,41.4892
Bergamo,41.436
Pisa,41.31
Lo Prado,41.22
Viroflay,41.16
Montgeron,41.126999999999995
Bento Gonçalves,41.04
Águas Lindas de Goiás,41.04
Bron,40.9185
Cumbernauld,40.59
Minuf,40.44
Paisley,40.41
Apartadó,40.28
Sanary-sur-Mer,40.14
Larache,39.99
Ibaraki,39.87
Garanhuns,39.78
Rochefort,39.777
Taverny,39.573
Pearland,39.4131
Gliwice,39.39
Siena,39.150000000000006
Longview,38.8983
Kumanovo,38.879999999999995
Quebec,38.4
Chapel Allerton,38.16
Busto Arsizio,37.83
Malanje,37.769999999999996
Panihati,37.32
Giurgiu,37.29
Liaoyuan,37.08
Bellevue,37.0548
Quevedo,36.93048
Waiblingen,36.903
Linhai,36.9
Bracknell,36.6
Toliara,36.36
Itapecuru Mirim,36.32
Sidi Qacem,36.15
Berdychiv,36.09
Drobeta-Turnu Severin,36.03
Barueri,36.02
Chililabombwe,36.0
Sarreguemines,35.982
Split,35.91
Cártama,35.838
Maroua,35.64
Lewiston,35.620200000000004
Anglet,35.49
Babol,35.489999999999995
Pouso Alegre,35.46
Praia Grande,35.46
Chatham,35.4
Cherbourg-Octeville,35.4
San Mateo,35.3346
Itaituba,35.28
Montargis,35.16
Ambattur,35.1
Elda,35.093999999999994
São Benedito,35.0
Longmont,34.8252
Sokode,34.8
Araucária,34.72
Sheboygan,34.3419
Tianguá,34.32
Coatzacoalcos,34.187999999999995
Kandi,33.839999999999996
Los Ángeles,33.82
Crotone,33.617999999999995
Thomasville,33.3939
Woodland,33.3848
Gandia,33.36
Sterling Heights,33.0676
Rio Grande,32.94
Arcoverde,32.76
Cubatão,32.76
Neu-Ulm,32.496
Melilla,32.46
Blanquefort,32.4
Dole,32.1
Sahuayo de José María Morelos,31.824
Wendeng,31.8
Catanduva,31.72
The Colony,31.6586
West Palm Beach,31.6092
Chaohu,31.53
Ipatinga,31.32
Baoding,31.2
Malden,31.1692
Morón,31.0
La Ciotat,30.630000000000003
Arad,30.54
Sassari,30.401999999999997
Zenica,30.24
Votuporanga,30.14
Sogamoso,30.08
Santa Maria,30.0144
Pontevedra,29.964000000000002
Willich,29.463
Ar Raqqah,29.28
Ilam,29.220000000000002
Sobral,29.22
Mosquera,29.14
Delray Beach,29.0542
Tulle,28.98
Nishinomiya,28.86
Itapetininga,28.84
Sohag,28.62
Berck,28.56
Alessandria,28.482000000000003
West Allis,28.370800000000003
Volksrust,28.08
Qazvin,27.959999999999997
Bechar,27.93
Yiyang,27.9
Bitonto,27.84
Edinburg,27.8086
Escondido,27.753
Dronfield,27.75
Owensboro,27.642799999999998
Ilhéus,27.48
Cape Coast,27.450000000000003
Argentan,27.36
Guildford,27.287999999999997
Chattanooga,27.1918
Kortrijk,27.12
Luanshya,27.06
Cruzeiro do Sul,26.84
Uberlândia,26.82
Nguigmi,26.76
Soissons,26.689500000000002
Lindenhurst,26.6304
Jaworzno,26.58
Taunton,26.55
Vigneux-sur-Seine,26.52
Le Pré-Saint-Gervais,26.37
Tremblay-en-France,26.345999999999997
Yanbu al Bahr,26.25
Hemel Hempstead,26.16
Ploemeur,26.085
Lambaré,26.04
Longjumeau,25.98
Segovia,25.92
Andradina,25.86
Manacapuru,25.8
Facatativá,25.78
Irbid,25.71
Durres,25.56
Sinop,25.42
Arapiraca,25.360000000000003
Forst,25.29
Huaihua,25.2
São Vicente,25.040000000000003
Vertou,25.038
Redding,25.0182
Izúcar de Matamoros,24.96
Chalinze,24.9
Saint Paul,24.8842
Passau,24.84
Kafr ad Dawwar,24.81
Parakou,24.779999999999998
Arapongas,24.759999999999998
Bury,24.72
Igurusi,24.689999999999998
Ichikawa,24.3
Aracati,24.28
El Jadida,24.27
Tabora,24.0
Liberec,23.82
Hattingen,23.55
Behbahan,23.520000000000003
Randfontein,23.37
Palatine,23.2624
Stakhanov,23.1
New Castle,23.0839
Chioggia,22.968
Yuanjiang,22.86
Gonabad,22.77
Petrópolis,22.74000000000001
Charlottesville,22.6278
Coral Gables,22.357799999999997
Stara Zagora,22.35
Tapachula,22.34
Homestead,22.3291
Pazardzhik,22.32
Cinisello Balsamo,22.08
Kaiserslautern,21.96
Tsukuba,21.9
Binzhou,21.72
Tanggu,21.72
Toguchin,21.66
Cuneo,21.6
Montfermeil,21.525000000000002
Villavicencio,21.52
Benoni,21.42
Shelton,21.4053
Ouidah,21.36
Barika,21.33
Novo Cruzeiro,21.3
Suceava,21.09
Uman',21.0
Bozeman,20.8106
Hagerstown,20.586
Chilly-Mazarin,20.52
Pitalito,20.3
Texas City,20.221799999999995
Balmazujvaros,20.22
Morogoro,20.13
Modesto,19.943
Caluire-et-Cuire,19.824
Yangquan,19.8
Kenner,19.7976
Chilpancingo,19.78000000000001
Camaragibe,19.74
Medford,19.700899999999997
Mococa,19.52
Jieshou,19.5
Zaoyang,19.5
Tuzla,19.44
Bafoussam,19.41
Zwickau,19.38
Cercola,19.02
Loughborough,19.02
St. Gallen,18.93
Fleury-les-Aubrais,18.9
Zilina,18.84
Aligudarz,18.78
Banska Bystrica,18.78
Bergisch Gladbach,18.72
Hoover,18.7173
Mantes-la-Ville,18.6
Rogers,18.5886
Malambo,18.56
Coral Springs,18.556800000000003
Detmold,18.48
Yuncheng,18.42
Carapicuíba,18.24
Montigny-le-Bretonneux,18.18
Harlingen,18.1275
La Quinta,18.0648
Saint-Gratien,18.06
Namibe,17.91
Várzea Grande,17.84
Paracatu,17.76
Lattes,17.759999999999998
Lake Elsinore,17.745
Birjand,17.700000000000003
Gosport,17.7
Poços de Caldas,17.68
Palm Coast,17.6552
Sonipat,17.64
Dartmouth,17.64
Saint-Pol-sur-Mer,17.31
Southampton,17.28
Vilhena,17.20832
Linares,17.04
Royal Oak,16.9632
Sierra Vista,16.8281
Elkhart,16.6721
Villeneuve-la-Garenne,16.65
Ponteareas,16.65
Villiers-sur-Marne,16.647
Baden-Baden,16.619999999999997
Rivera,16.6
Bharatpur,16.5
Xiantao,16.5
Tete,16.35
Leoben,16.29
Jiaohe,16.2
Mpumalanga,16.14
Ji-Paraná,16.14
Palmares,16.1
Chevilly-Larue,16.08
Olomouc,15.96
Pato Branco,15.88
Bagamoyo,15.84
Mogi das Cruzes,15.84
Cavaillon,15.724499999999987
Murfreesboro,15.689100000000003
Davis,15.552
Tembisa,15.510000000000002
Linhares,15.34
Toamasina,15.239999999999998
Outreau,15.036000000000001
Pompano Beach,15.0065
Tongzhou,15.0
Pitesti,14.91
Fareham,14.85
Loos,14.76
Varamin,14.729999999999999
Semnan,14.67
Greifswald,14.46
Peer,14.4
Petare,14.3154
Agrigento,14.273999999999988
Al Khums,14.25
Briton Ferry,14.22
Waukesha,14.17
Redwood City,14.1426
Pleven,14.1
Tlemcen,14.1
Bideford,14.07
Vesoul,14.058
Igarassu,14.0
Ulundi,13.92
Chalus,13.92
Shangqiu,13.86
Glenview,13.8579
Englewood,13.7547
Tottori,13.68
Cluses,13.68
Chigasaki,13.68
Darlington,13.65
eMbalenhle,13.620000000000001
Quanzhou,13.56
Nashua,13.512599999999999
Hechuan,13.44
Teramo,13.23
Yucaipa,13.208
Chieti,13.2
Grove City,13.1952
Lorient,13.17
Brescia,13.157999999999992
Al Muharraq,12.84
Vitória da Conquista,12.700000000000001
Campo Limpo Paulista,12.66
Kidderminster,12.66
Lokossa,12.6
Delicias,12.495999999999999
Riom,12.42
Borken,12.39
Sallanches,12.159
Faenza,12.15
Plantation,12.039100000000007
Louviers,11.879999999999999
Johnson City,11.856199999999996
Zwedru,11.85
Akhmim,11.82
La Chapelle-sur-Erdre,11.76
Atlantic City,11.68
Kurashiki,11.64
Sabanalarga,11.639999999999999
Clovis,11.635200000000001
Stanger,11.61
Bergerac,11.61
Barretos,11.6
Drogobych,11.52
Kalush,11.28
Apatzingán de la Constitución,11.251999999999999
Günzburg,11.244
Berrechid,11.100000000000001
Hachinohe,11.07
Beipiao,11.07
Yuyao,11.07
Lomme,11.07
Choisy-le-Roi,10.973999999999998
Manhattan,10.9584
Pamiers,10.881
Kalisz,10.8
Gorzow Wielkopolski,10.8
Stafford,10.8
Dar Chioukh,10.8
Shizuishan,10.620000000000001
La Crau,10.62
Fujisawa,10.56
Guarapuava,10.5
Limay,10.44
Greeley,10.3614
Zaozhuang,10.32
Torremolinos,10.26
Marsa Matruh,10.200000000000001
Resita,10.08
Bartlett,10.008
Danbury,9.8856
Vitória de Santo Antão,9.88
Portland,9.757299999999999
Medea,9.72
Kotka,9.72
North Charleston,9.670200000000001
Carpi,9.360000000000001
Abbeville,9.36
Antioch,9.3312
Boksburg,9.3
Riberalta,9.24
St. John's,9.24
Kakinada,9.15
Melchor Ocampo,9.068
Andria,8.88
Manresa,8.82
Guelmim,8.82
Grapevine,8.7749
Gatineau,8.76
Rondonópolis,8.72
Nysa,8.67
Jefferson City,8.662
Etawah,8.64
Seropédica,8.64
Piacenza,8.58
Krugersdorp,8.55
Seraing,8.55
Rohtak,8.55
Khasavyurt,8.549999999999999
Torbat-e Heydariyeh,8.49
Coari,8.42
Anjo,8.4
Samalut,8.31
Faches-Thumesnil,8.28
Pestovo,8.25
Jastrzebie Zdroj,8.22
Illkirch-Graffenstaden,8.187
Focsani,8.16
Albertville,8.126999999999995
Guamúchil,8.1
Cesena,8.040000000000012
Massa,8.04
Norfolk,8.0178
Grand Island,7.98
Makeni,7.890000000000001
Morgan Hill,7.845999999999999
Dax,7.83
Maturín,7.753120000000001
Neyshabur,7.470000000000001
Pemba,7.32
Hapur,7.2
Savona,7.182
New Brunswick,7.156700000000001
Hebi,7.08
Amagasaki,7.08
Valle Hermoso,7.04
Conroe,6.9795
Campina Grande,6.9
Falconara Marittima,6.78
Ragusa,6.75
Bullhead City,6.7232
Pernik,6.66
Korce,6.63
Sète,6.57
Portage,6.512
Eragny,6.430500000000002
Cestas,6.36
Gitarama,6.3
Vigevano,6.12
Kabwe,5.9399999999999995
Guatemala City,5.88
Schweinfurt,5.85
Morley,5.85
Guarapari,5.84
Maryborough,5.810999999999985
Limbe,5.49
Nal'chik,5.46
Krasnyy Luch,5.31
Millau,5.28
Catalão,5.2
Rehovot,5.16
Hilden,5.124
Levin,5.04
Matsumoto,4.86
Acámbaro,4.756
Chapel Hill,4.7304
Stadtlohn,4.68
Lagny-sur-Marne,4.5
Bitola,4.5
Iowa City,4.4955
Ambon,4.4955
Loveland,4.4778
Port Saint Lucie,4.449
Calama,4.44
Vereeniging,4.4399999999999995
Maxixe,4.41
Zhlobin,4.38
Digne-les-Bains,4.38
Crato,4.16
Fontenay-le-Comte,4.02
Disuq,4.02
Aix-les-Bains,3.96
Montebello,3.9032
Rock Hill,3.792
Franco da Rocha,3.78
Baqubah,3.7199999999999998
Be'er Sheva,3.6300000000000003
Baytown,3.6288
Changzhi,3.45
Bridgeton,3.4415999999999998
Gurupi,3.44
Marysville,3.3150000000000004
Avon,3.3
Dourados,3.28
Concepción del Uruguay,3.12
North Miami,3.0798000000000005
Cosmópolis,3.06
Goldsboro,3.0576
Port Orange,2.934
Jataí,2.88
Sorgues,2.82
New Delhi,2.82
Latur,2.82
Altotonga,2.76
Billings,2.6936
Buriticupu,2.68
Bad Waldsee,2.604
Kigoma,2.58
Bobigny,2.55
Brantford,2.52
Barrie,2.46
Layton,2.3312
Guarenas,2.304
Vence,2.28
Vanderbijlpark,2.25
Coquitlam,2.16
Agde,2.1
Keller,2.1
Obninsk,1.98
Ferrara,1.9079999999999986
Yopal,1.86
Araraquara,1.76
Saint-Laurent,1.74
Narsingdi,1.62
Osny,1.62
Sorriso,1.6
Kafr ash Shaykh,1.59
Renqiu,1.59
Hillsboro,1.5455
Koforidua,1.5
Benxi,1.44
Springdale,1.419
Al Manaqil,1.41
Shahjahanpur,1.38
Moissy-Cramayel,1.35
Palhoça,1.32
Osijek,1.26
Arlington Heights,1.2348
Iranshahr,1.2
Envigado,1.2
San Luis Obispo,1.1946
Suizhou,1.08
Barranca,1.04
Kara,0.96
Malakoff,0.7515000000000001
Cidade Ocidental,0.6
Jaboticabal,0.56
Ueda,0.48
Jupiter,0.1548
Itapeva,0.0
Voiron,0.0
Hengelo,0.0
Senhor do Bonfim,0.0
Montería,0.0
Río Bravo,-0.036
San Cristóbal,-0.54
Montceau-les-Mines,-0.6180000000000003
Felahiye,-0.702
Hickory,-1.0956000000000001
Altoona,-1.1835
Ayacucho,-1.3160000000000003
Elyria,-1.3984
Necochea,-1.472
Pensacola,-1.476
Modena,-1.5299999999999994
Ormond Beach,-1.9656
Saint-Jean-de-la-Ruelle,-2.472
Alkmaar,-2.82
Cournon-d'Auvergne,-3.06
Tinaquillo,-3.34
Abilene,-3.7584
Purwokerto,-3.7788000000000004
Ituiutaba,-3.828000000000003
Libourne,-3.978
Mason,-4.235199999999999
Villejuif,-4.278000000000002
Can Tho,-4.410300000000002
Manfredonia,-4.584
Wuchang,-4.587000000000014
Bolingbrook,-4.661
Victoria Falls,-5.325
San Pedro,-5.4465
Fort Portal,-5.487
Bar-le-Duc,-5.4929999999999986
Biarritz,-5.544
Gallarate,-5.676000000000002
Ho Chi Minh City,-5.757600000000055
Huaraz,-5.76
Yacuiba,-7.015999999999998
Gagny,-8.237999999999992
Angeles City,-8.286000000000001
Paita,-8.344
Chiclayo,-8.424
Tinley Park,-8.9152
Lingolsheim,-9.234
Missouri City,-9.555
Talara,-9.588
Lagos de Moreno,-9.588000000000001
Plaisance-du-Touch,-10.02
Gujrat,-10.23
Deer Park,-10.386
Villa Frontera,-10.423999999999998
Ardahan,-10.776
Arrentela,-11.025
Sanford,-11.827200000000001
Melton,-11.94299999999999
Mbinga,-12.204
Cuyahoga Falls,-12.5752
Mutare,-13.857
Cubuk,-13.866
Wilson,-14.336000000000002
Tartagal,-14.586
Trujillo,-14.623999999999999
Lippstadt,-14.722499999999975
Gastonia,-14.743599999999988
Romeoville,-14.7708
Leiden,-14.85
Guanare,-15.016000000000002
Rize,-15.762
Chuncheon,-16.59
Kiziltepe,-17.064
Calabozo,-17.764
Kastamonu,-18.084
Frisco,-18.8016
Junín,-19.0516
Afyon,-19.296
San Marcos,-19.3413
San Carlos del Zulia,-19.776
Freeport,-20.08799999999999
Montereau-Fault-Yonne,-20.146499999999996
Badajoz,-20.352
Austin,-20.393799999999985
Battipaglia,-20.496
Edirne,-20.862
Odivelas,-21.66
Cajamarca,-21.912000000000003
Cagua,-22.016
Aew?l-li,-22.32
Senlis,-22.47
Montbrison,-22.511999999999997
Molfetta,-22.554000000000006
Boca Raton,-22.645599999999998
Fulda,-22.974
Mardan,-23.055
Ocotlán,-23.54
Friedberg,-24.227999999999998
Richardson,-24.4893
Venlo,-24.852
Barneveld,-24.99
Oss,-25.14
Palo Negro,-25.616
Karaman,-25.83
Frankfort,-26.055999999999997
Neuquén,-26.144
Gardanne,-26.477999999999998
San Fernando del Valle de Catamarca,-27.36
Halluin,-27.396
Aydin,-28.146
Cúa,-28.439999999999998
Taraz,-28.59
Randers,-29.502
El Tigre,-29.704
Helsingborg,-30.24
League City,-31.3499
Hautmont,-31.491
Garland,-32.373000000000005
Santo Domingo de los Colorados,-32.51199999999999
Commerce City,-32.9292
Bandung,-33.07620000000012
Bolívar,-33.172
Tangerang,-33.5
Santiago del Estero,-34.338
Silopi,-34.506
Turmero,-34.57904
Castellammare di Stabia,-34.92
Callao,-36.152
Lens,-36.966
Istres,-37.269
Brive-la-Gaillarde,-38.574
Usak,-39.0
Cizre,-39.24
Carol Stream,-39.86829999999999
Allen,-39.8775
Fuenlabrada,-41.442
Pulheim,-41.46900000000001
Suwon,-41.856
Cheonan,-42.12
Gombe,-42.165
Purmerend,-42.20399999999999
Temixco,-42.22800000000001
Yalova,-42.75
Capua,-43.12800000000001
Rhondda,-43.542
Corpus Christi,-43.7304
Mataram,-45.02190000000001
Vlaardingen,-45.33
Sonderborg,-45.354
Hendersonville,-45.3867
Vila Nova de Gaia,-45.66
Ontario,-46.137
Bafra,-46.314
Iringa,-46.332
Veenendaal,-48.705
Akhisar,-49.242000000000004
Bourgoin-Jallieu,-49.29
Banda Aceh,-49.6743
Sialkot,-49.812
Midyat,-51.438
Huangshi,-51.966
Akure,-52.287000000000006
San José de Guanipa,-52.308
Daytona Beach,-52.334
Laredo,-54.61389999999999
Houilles,-54.963
Zwolle,-55.095
Ordu,-55.158
Piura,-55.248
Den Helder,-55.665000000000006
Upplands Väsby,-55.8
Abakaliki,-57.233999999999995
Juliaca,-57.74
Chimbote,-58.392
Cabimas,-58.48
San Angelo,-58.553200000000004
Cumaná,-58.612
Banjarmasin,-59.6766
Sunbury,-60.44099999999998
La Romana,-61.20383999999999
Rosny-sous-Bois,-62.135999999999996
Catia La Mar,-62.964
Epworth,-63.252
Tucson,-64.9668
Abuja,-67.614
Stains,-68.058
Odessa,-69.7118
Quartu Sant'Elena,-69.888
Pembroke Pines,-72.4491
Bonao,-72.816
Menden,-72.864
Duzce,-75.504
Salta,-76.152
San Rafael,-78.84
Rheine,-79.332
Bacoor,-79.72200000000001
Paraná,-79.7576
San Juan de la Maguana,-79.81908000000008
Pematangsiantar,-80.57939999999998
Santa Marta,-80.72384
Potenza,-81.08399999999999
Abreu e Lima,-81.224
San Nicolás de los Arroyos,-81.63104
Taldyqorghan,-83.397
Jerez de la Frontera,-83.70599999999999
Jayapura,-84.9567
Grand Prairie,-85.2311
Roosendaal,-86.295
Porlamar,-87.38
Mesquite,-87.61999999999999
Salihli,-88.23
Scottsdale,-89.4879
Buffalo Grove,-89.6478
Soma,-89.988
Roermond,-90.09
Maastricht,-93.435
San Salvador de Jujuy,-97.552
Arequipa,-97.656
Littleton,-98.8018
Pantin,-99.1185
Tallaght,-99.36
Santa Fe,-99.92
Chelles,-100.13400000000003
Terneuzen,-100.17
Issoire,-100.2225
Irving,-100.51250000000002
Arezzo,-102.234
Avellino,-102.822
Jacobina,-102.92399999999999
Benevento,-102.936
Coudekerque-Branche,-102.936
Puno,-104.62
Wheeling,-107.39620000000002
Hilversum,-108.12
Normal,-110.0232
Saint-Cloud,-110.0385
Moca,-110.77692
Tokat,-113.412
Valenzuela,-115.04550000000002
Parintins,-116.728
College Station,-117.6224
Caserta,-118.788
La Chorrera,-119.19972
Greensboro,-122.95339999999999
Mentor,-123.27420000000001
El Limón,-124.24
Huddinge,-125.148
Camocim,-126.788
Peoria,-127.86630000000001
Posadas,-128.14000000000001
Loures,-128.94
Port Macquarie,-131.38799999999998
Helmond,-133.33499999999998
Kilis,-135.126
Eskilstuna,-136.02
Karlstad,-136.02599999999998
Aksaray,-136.374
Sokoto,-137.337
Bahía Blanca,-138.394
Huancayo,-138.48
La Vega,-139.06856
Da Nang,-140.1831
Esbjerg,-144.18
Trapani,-144.798
Nijmegen,-145.005
Fontenay-sous-Bois,-145.263
Isparta,-145.464
Delft,-146.34
Naperville,-146.5324
Almelo,-148.21800000000002
Dumai,-152.319
Guayana,-153.032
Redmond,-153.7178
Jinja,-155.96699999999998
Guimarães,-156.6
Kocaeli,-157.014
Peshawar,-158.895
Enschede,-159.35999999999999
Anyang,-160.875
Assen,-161.14499999999998
Fort Lauderdale,-161.35510000000002
Galway,-162.3
Mcallen,-163.87169999999998
Parker,-164.18929999999997
Siauliai,-164.739
Klaipeda,-164.892
Velsen,-165.048
Highland Park,-169.9406
Buyukcekmece,-172.74
Kadoma,-173.976
Al Hudaydah,-177.255
Funtua,-178.524
Viransehir,-179.208
Hialeah,-179.2275
El Paso,-179.9007
Makati,-180.42899999999997
Champaign,-182.352
Corrientes,-183.1972
Nakhon Ratchasima,-183.2973
Frederiksberg,-183.438
Siirt,-184.962
Jamundí,-185.66000000000003
Akron,-186.6356
Tekirdag,-188.364
Lakeland,-188.63649999999998
Gusau,-191.028
Zaanstad,-196.059
Karliova,-198.828
Abeokuta,-200.832
Colón,-201.172
La Rioja,-201.42
Probolinggo,-202.7628
Kars,-204.0
Samsun,-205.15800000000002
Sukkur,-207.594
Taytay,-207.6105
Uithoorn,-208.89000000000001
Elmhurst,-212.1321
Bryan,-213.7116
Tigard,-216.2861
Avellaneda,-218.036
Kwangju,-219.315
Iquitos,-221.68
Bisceglie,-223.08
Katsina,-225.738
Allentown,-226.4504
Nigde,-227.79
Maltepe,-230.262
Des Plaines,-236.7674
Polatli,-237.24599999999998
Pharr,-237.5528
Park Ridge,-238.45
Solna,-239.28
Esquina,-239.93392
Ugep,-244.458
Denver,-244.92
Kalundborg,-245.043
Zeist,-245.745
Cipolletti,-245.936
Mezitli,-247.26
Baní,-249.064
Bloomington,-249.35500000000002
Fort Collins,-252.6926
La Roche-sur-Yon,-255.591
Alphen aan den Rijn,-255.795
Ilo,-259.08
Pekalongan,-261.8523
Halmstad,-262.79999999999995
Kulob,-262.866
Charallave,-263.86400000000003
Ekibastuz,-266.223
Pistoia,-266.514
Amasya,-267.912
Mendoza,-268.058
Menemen,-269.94599999999997
Daegu,-271.146
Manisa,-272.376
Braga,-274.68
Leeuwarden,-275.75100000000003
Erzurum,-275.904
Torbali,-276.378
Mary,-282.093
Acarigua,-285.832
Sarkand,-288.864
Mubi,-289.029
Maracay,-291.5568
Gebze,-291.88800000000003
Schiedam,-295.83
Bahawalpur,-295.986
Warrnambool,-305.661
Carora,-306.012
Guatire,-306.428
Emmen,-312.40500000000003
Antakya,-316.476
Legnano,-317.47799999999995
Luohe,-318.576
Tampa,-325.2366
Cerignola,-328.59000000000003
Ajman,-332.71200000000005
Inegol,-335.556
Canakkale,-336.558
Cagliari,-336.972
Resistencia,-338.8016
Feira,-341.475
Qaraghandy,-342.813
Adiyaman,-346.86
Skokie,-346.86999999999995
Geelong,-347.48400000000004
Quilmes,-347.98652
Sapele,-349.788
Tamarac,-351.89610000000005
Pomezia,-352.332
Amersfoort,-359.115
Mar del Plata,-360.158
Shagamu,-361.85699999999997
Sivas,-361.956
Owo,-374.808
Marion,-380.3623
Plano,-383.0554
Kartal,-384.81
Nevsehir,-385.55400000000003
Gonaïves,-386.30664
Amarillo,-387.9683
Balikesir,-389.98199999999997
Bingol,-393.156
Saint-Michel-sur-Orge,-400.365
Malatya,-403.48199999999997
Sanliurfa,-404.196
Bucheon,-404.58000000000004
Quixadá,-405.168
Turgutlu,-406.668
Dunedin,-411.594
Elazig,-418.458
Port Moresby,-418.60499999999996
Treviglio,-424.284
Yaritagua,-424.29740000000004
Umraniye,-428.814
Charlotte,-429.78240000000005
Ulsan,-436.881
Aubervilliers,-440.09250000000003
Tyler,-443.70860000000005
Lund,-443.895
Varese,-446.712
San Severo,-447.18
Corum,-450.924
Bolu,-451.83599999999996
Bacolod City,-451.968
Nha Trang,-452.5494
Capelle aan den IJssel,-453.10499999999996
Ceyhan,-459.09
Schiltigheim,-461.84700000000004
Yuma,-465.9909
Ilesha,-466.809
Carrollton,-470.21389999999997
Ikot Ekpene,-473.157
Tarsus,-473.26800000000003
Baruta,-474.948
Calamba,-479.0955
Valle de La Pascua,-479.59060000000005
Etimesgut,-479.892
Apodaca,-482.072
Lucca,-485.586
Chincha Alta,-485.8288
Barreirinhas,-487.912
Osmaniye,-489.324
Comodoro Rivadavia,-492.95
Dzhezkazgan,-501.48
Dordrecht,-509.82
Gulu,-511.07399999999996
Kozan,-515.856
Waco,-520.1034
Sittard,-525.285
Oswego,-536.1275999999999
Troy,-544.1518
Landskrona,-546.945
Oosterhout,-548.34
Greenville,-548.9884
Ravenna,-551.208
Temirtau,-553.836
Gaziemir,-558.522
Mesa,-559.2314
Spijkenisse,-560.385
Pekanbaru,-566.9889
Pasig,-567.768
San Justo,-577.3199999999999
Reggio nell'Emilia,-582.012
El Progreso,-585.71744
Van,-590.49
Ibb,-590.976
Iskenderun,-592.806
Esenyurt,-621.114
Pucallpa,-628.42412
Lorain,-632.9228999999999
Cainta,-632.949
Diyarbakir,-633.6659999999999
Cankaya,-636.81
Buca,-639.768
Como,-644.718
Marano di Napoli,-647.04
Sargodha,-647.8050000000001
Kahramanmaras,-655.362
Damaturu,-660.06
Medina,-661.8646
Alanya,-662.808
Rosario,-665.7959999999999
Tivoli,-666.594
Waitakere,-670.596
Amstelveen,-670.9350000000001
Owerri,-675.567
Deventer,-677.058
Doetinchem,-682.74
Gujranwala,-682.932
Liaoyang,-683.631
Talence,-684.2235
Papakura,-695.832
Multan,-698.484
Goyang,-701.061
Ras al Khaymah,-704.148
San Francisco de Macorís,-707.5773200000001
Igdir,-708.6719999999999
Moncalieri,-713.415
La Plata,-717.388
Concord,-718.6389
Apeldoorn,-725.205
Porto,-732.09
Arnhem,-734.385
Kokshetau,-743.76
Changwon,-752.937
Uppsala,-760.08
Barquisimeto,-766.652
San Juan,-768.30288
Córdoba,-782.2248
Pontes e Lacerda,-791.29768
Konya,-793.176
Pilar,-794.0658
Coimbra,-806.85
Minna,-809.1270000000001
Haninge,-813.99
Qostanay,-819.903
Nazilli,-822.018
Nashville,-837.4908
Traralgon,-837.894
Puerto La Cruz,-847.472
Cleveland,-848.0079000000001
Denizli,-850.284
Corlu,-852.21
Trabzon,-852.42
Nelson,-862.71
Haarlem,-866.5350000000001
Almaty,-875.244
Saint-Denis,-876.2700000000001
Eskisehir,-889.224
Pueblo,-900.9719
Maracaibo,-915.88704
Foggia,-933.708
Nacka,-939.333
Vassouras,-942.26
Onitsha,-945.834
Colorado Springs,-956.6841
Guacara,-959.378
Presidencia Roque Sáenz Peña,-966.68
Odense,-974.205
Bauchi,-980.2139999999999
Antipolo,-1002.1515
Bethlehem,-1003.0958
Mamak,-1007.25
Kirsehir,-1010.52
Registro,-1016.812
Astana,-1051.698
Clarksville,-1055.3532
San Luis,-1056.056
Hardenberg,-1077.297
Araranguá,-1100.112
Harare,-1120.14
Quetta,-1132.1399999999999
Caloocan,-1134.9165
Rockford,-1149.5078
Miami,-1150.3704
Turkmenabat,-1161.162
Knoxville,-1165.0755
Round Rock,-1183.4313
Kayseri,-1193.4360000000001
Naples,-1203.555
Surubim,-1220.952
Pirapora,-1251.92
Bandirma,-1252.818
Jos,-1282.53
Brumado,-1299.292
Baguio City,-1302.249
Batman,-1323.468
Mardin,-1329.438
Maiduguri,-1332.489
Rotterdam,-1340.685
Chitungwiza,-1345.608
Antalya,-1360.002
Nieuwegein,-1395.948
Gothenburg,-1396.92
Louisville,-1430.3129
Sakai,-1469.595
Aba,-1475.556
Memphis,-1479.04
Gisborne,-1481.04
Santiago de los Caballeros,-1489.81692
Islamabad,-1537.761
Pavlodar,-1544.0880000000002
Hobart,-1544.868
São Miguel dos Campos,-1577.82
Busan,-1581.261
Arraiján,-1637.75532
Heerlen,-1651.29
Bagcilar,-1665.948
Calabar,-1666.923
Eindhoven,-1668.612
Rawalpindi,-1688.979
Silivri,-1702.704
Kutahya,-1722.9479999999999
Dresden,-1743.03
Kampala,-1753.557
Makurdi,-1761.957
San Pedro de Macorís,-1781.01064
Sincan,-1809.21
Warri,-1815.651
Ashgabat,-1859.454
Mersin,-1864.47
Panevezys,-1881.657
Uskudar,-1885.4759999999999
Amadora,-1906.11
Bezerros,-1918.3922
Choloma,-1974.49328
Beykoz,-1980.924
Hanoi,-1991.5758
Blumenau,-2025.57224
Choluteca,-2036.04088
Ilorin,-2056.293
Yangon,-2109.2583
Kaunas,-2154.753
Ponte Nova,-2185.5572
Breda,-2311.6530000000002
Enugu,-2320.647
Jacksonville,-2323.835
Indaial,-2354.8160000000003
Presidente Dutra,-2371.30148
Cork,-2458.02
Bursa,-2529.7799999999997
David,-2543.78112
Copenhagen,-2660.325
Aurora,-2691.7386
Bulawayo,-2706.627
Daejeon,-2748.66
Bergen op Zoom,-2772.045
Phoenix,-2790.8831999999998
Bom Jesus da Lapa,-2791.71248
Groningen,-2796.18
Dallas,-2846.5256999999997
Caracas,-2930.8602
Taizz,-2938.227
Adana,-2966.754
Tilburg,-3006.792
La Ceiba,-3023.03092
Le Mans,-3047.691
Sheffield,-3078.3
Limoeiro do Norte,-3123.68788
The Hague,-3124.29
Lima,-3295.64736
Reims,-3305.244
Belo Horizonte,-3518.964
Benin City,-3530.286
Santo Domingo,-3569.59656
Burlington,-3618.9772000000003
Cairns,-3627.384
Utrecht,-3654.6
Carrefour,-3801.00436
Wuhan,-3826.425
Gaziantep,-3900.276
Auckland,-3993.012
Açu,-4080.34048
Zaria,-4148.445
Lisbon,-4277.97
Kaduna,-4464.993
Vilnius,-4600.077
Ibadan,-4829.718
Mumbai,-4917.885
Dublin,-5022.6305
Amsterdam,-5291.088
Seoul,-5368.959
Port Harcourt,-5443.041
Manukau City,-5570.202
Salvador,-5615.69952
Canberra,-5755.95
Birmingham,-5961.744
San Miguelito,-6196.35272
Bornova,-6279.522
Chicago,-6654.5688
San Pedro Sula,-6855.6728
Panama City,-7025.1916
Bangkok,-7124.8976999999995
Lancaster,-7239.0684
San Antonio,-7292.5302
Izmir,-7705.668
Buenos Aires,-8567.88556
Ankara,-8604.276
Houston,-10153.5485
Toulouse,-10382.2215
Hanover,-10440.164999999999
Kano,-10916.211
Manila,-11158.5615
Stockholm,-11632.89
Lahore,-13626.372
Philadelphia,-13837.7674
Tegucigalpa,-15007.416079999999
Istanbul,-19960.908
Lagos,-25922.511
